{
  "parent": "minecraft:item/generated",
  "textures": {
    "layer0": "minecraft:item/emerald"
  },
  "overrides": [
    {"predicate": {"custom_model_data": 9100}, "model": "custom/gems/aqua"},
    {"predicate": {"custom_model_data": 9101}, "model": "custom/gems/azure"},
    {"predicate": {"custom_model_data": 9102}, "model": "custom/gems/blizzard"},
    {"predicate": {"custom_model_data": 9103}, "model": "custom/gems/deity"},
    {"predicate": {"custom_model_data": 9104}, "model": "custom/gems/dignity"},
    {"predicate": {"custom_model_data": 9105}, "model": "custom/gems/grim"},
    {"predicate": {"custom_model_data": 9106}, "model": "custom/gems/harmony"},
    {"predicate": {"custom_model_data": 9107}, "model": "custom/gems/pristine"},
    {"predicate": {"custom_model_data": 9108}, "model": "custom/gems/terra"}
  ]
}