{
    "ambientocclusion": false,
    "textures": {
        "particle": "#crop"
    },
    "elements": [
        {
            "from": [ 0.0, -1.0, 4.0 ], 
            "to": [ 16.0, 15.0, 4.0 ], 
            "shade": false,
            "faces": {
                "north": { "texture": "#crop", "uv": [ 0.0, 0.0, 16.0, 16.0 ] },
                "south": { "texture": "#crop", "uv": [ 0.0, 0.0, 16.0, 16.0 ] }
            }
        },
        {
            "from": [ 4.0, -1.0, 0.0 ], 
            "to": [ 4.0, 15.0, 16.0 ], 
            "shade": false,
            "faces": {
                "east": { "texture": "#crop", "uv": [ 0.0, 0.0, 16.0, 16.0 ] },
                "west": { "texture": "#crop", "uv": [ 0.0, 0.0, 16.0, 16.0 ] }
            }
        },
        {
            "from": [ 0.0, -1.0, 8.0 ], 
            "to": [ 16.0, 15.0, 8.0 ], 
            "shade": false,
            "faces": {
                "north": { "texture": "#crop", "uv": [ 16.0, 0.0, 0.0, 16.0 ] },
                "south": { "texture": "#crop", "uv": [ 16.0, 0.0, 0.0, 16.0 ] }
            }
        },
        {
            "from": [ 8.0, -1.0, 0.0 ], 
            "to": [ 8.0, 15.0, 16.0 ], 
            "shade": false,
            "faces": {
                "east": { "texture": "#crop", "uv": [ 16.0, 0.0, 0.0, 16.0 ] },
                "west": { "texture": "#crop", "uv": [ 16.0, 0.0, 0.0, 16.0 ] }
            }
        },
        {
            "from": [ 0.0, -1.0, 12.0 ], 
            "to": [ 16.0, 15.0, 12.0 ], 
            "shade": false,
            "faces": {
                "north": { "texture": "#crop", "uv": [ 0.0, 0.0, 16.0, 16.0 ] },
                "south": { "texture": "#crop", "uv": [ 0.0, 0.0, 16.0, 16.0 ] }
            }
        },
        {
            "from": [ 12.0, -1.0, 0.0 ], 
            "to": [ 12.0, 15.0, 16.0 ], 
            "shade": false,
            "faces": {
                "east": { "texture": "#crop", "uv": [ 0.0, 0.0, 16.0, 16.0 ] },
                "west": { "texture": "#crop", "uv": [ 0.0, 0.0, 16.0, 16.0 ] }
            }
        }
    ]
}