{
    "ambientocclusion": false,
    "textures": {
        "particle": "#cross"
    },
    "elements": [
        {
            "from": [ -2.0, 0.0, 8.0 ], 
            "to": [ 8.0, 16.0, 8.0 ], 
            "shade": false,
            "rotation": { "origin": [ 8.0, 8.0, 8.0 ], "axis": "y", "angle": -22.5, "rescale": true },
            "faces": {
                "north": { "texture": "#cross", "uv": [ 8.0, 0.0, 16.0, 16.0 ] },
                "south": { "texture": "#cross", "uv": [ 0.0, 0.0, 8.0, 16.0 ] }
            }
        },
        {
            "from": [ 8.0, 0.0, -2.0 ], 
            "to": [ 8.0, 16.0, 8.0 ], 
            "shade": false,
            "rotation": { "origin": [ 8.0, 8.0, 8.0 ], "axis": "y", "angle": -22.5, "rescale": true },
            "faces": {
                "east": { "texture": "#cross", "uv": [ 8.0, 0.0, 16.0, 16.0 ] },
                "west": { "texture": "#cross", "uv": [ 0.0, 0.0, 8.0, 16.0 ] }
            }
        },
        {
            "from": [ 8.0, 0.0, 8.0 ], 
            "to": [ 18.0, 16.0, 8.0 ], 
            "shade": false,
            "rotation": { "origin": [ 8.0, 8.0, 8.0 ], "axis": "y", "angle": -22.5, "rescale": true },
            "faces": {
                "north": { "texture": "#cross", "uv": [ 0.0, 0.0, 8.0, 16.0 ] },
                "south": { "texture": "#cross", "uv": [ 8.0, 0.0, 16.0, 16.0 ] }
            }
        },
        {
            "from": [ 8.0, 0.0, 8.0 ], 
            "to": [ 8.0, 16.0, 18.0 ], 
            "shade": false,
            "rotation": { "origin": [ 8.0, 8.0, 8.0 ], "axis": "y", "angle": -22.5, "rescale": true },
            "faces": {
                "east": { "texture": "#cross", "uv": [ 0.0, 0.0, 8.0, 16.0 ] },
                "west": { "texture": "#cross", "uv": [ 8.0, 0.0, 16.0, 16.0 ] }
            }
        }
    ]
}