{
    "ambientocclusion": false,
    "textures": {
        "particle": "block/sunflower_front",
        "cross": "block/sunflower_top",
        "back": "block/sunflower_back",
        "front": "block/sunflower_front"
    },
    "elements": [
        {
            "name": "Element",
            "from": [ 0.8, 0.0, 8.0 ], 
            "to": [ 8.0, 16.0, 8.0 ], 
            "shade": false,
            "rotation": { "origin": [ 8.0, 8.0, 8.0 ], "axis": "y", "angle": 45.0, "rescale": true },
            "faces": {
                "north": { "texture": "#cross", "uv": [ 8.0, 0.0, 16.0, 16.0 ] },
                "south": { "texture": "#cross", "uv": [ 0.0, 0.0, 8.0, 16.0 ] }
            }
        },
        {
            "name": "Element",
            "from": [ 8.0, 0.0, 0.8 ], 
            "to": [ 8.0, 16.0, 8.0 ], 
            "shade": false,
            "rotation": { "origin": [ 8.0, 8.0, 8.0 ], "axis": "y", "angle": 45.0, "rescale": true },
            "faces": {
                "east": { "texture": "#cross", "uv": [ 8.0, 0.0, 16.0, 16.0 ] },
                "west": { "texture": "#cross", "uv": [ 0.0, 0.0, 8.0, 16.0 ] }
            }
        },
        {
            "name": "Element",
            "from": [ 8.0, 0.0, 8.0 ], 
            "to": [ 15.2, 16.0, 8.0 ], 
            "shade": false,
            "rotation": { "origin": [ 8.0, 8.0, 8.0 ], "axis": "y", "angle": 45.0, "rescale": true },
            "faces": {
                "north": { "texture": "#cross", "uv": [ 0.0, 0.0, 8.0, 16.0 ] },
                "south": { "texture": "#cross", "uv": [ 8.0, 0.0, 16.0, 16.0 ] }
            }
        },
        {
            "name": "Element",
            "from": [ 8.0, 0.0, 8.0 ], 
            "to": [ 8.0, 16.0, 15.2 ], 
            "shade": false,
            "rotation": { "origin": [ 8.0, 8.0, 8.0 ], "axis": "y", "angle": 45.0, "rescale": true },
            "faces": {
                "east": { "texture": "#cross", "uv": [ 0.0, 0.0, 8.0, 16.0 ] },
                "west": { "texture": "#cross", "uv": [ 8.0, 0.0, 16.0, 16.0 ] }
            }
        },
        {   "from": [ 9.6, -1, 1 ],
            "to": [ 9.6, 15, 15 ],
            "rotation": {
                "origin": [ 8, 8, 8 ],
                "axis": "z",
                "angle": 22.5,
                "rescale": true
            },
            "shade": false,
            "faces": {
                "west": { "uv": [ 0, 0, 16, 16 ], "texture": "#back" },
                "east": { "uv": [ 0, 0, 16, 16 ], "texture": "#front" }
            }
        }
    ]
}
