{
    "ambientocclusion": false,
    "textures": {
        "particle": "#cross"
    },
    "elements": [
        {
            "name": "Element",
            "from": [ 0.8, 0.0, 8.0 ], 
            "to": [ 8.0, 16.0, 8.0 ], 
            "shade": false,
            "rotation": { "origin": [ 8.0, 8.0, 8.0 ], "axis": "y", "angle": 45.0, "rescale": true },
            "faces": {
                "north": { "texture": "#cross", "uv": [ 8.0, 0.0, 16.0, 16.0 ], "tintindex": 0 },
                "south": { "texture": "#cross", "uv": [ 0.0, 0.0, 8.0, 16.0 ], "tintindex": 0 }
            }
        },
        {
            "name": "Element",
            "from": [ 8.0, 0.0, 0.8 ], 
            "to": [ 8.0, 16.0, 8.0 ], 
            "shade": false,
            "rotation": { "origin": [ 8.0, 8.0, 8.0 ], "axis": "y", "angle": 45.0, "rescale": true },
            "faces": {
                "east": { "texture": "#cross", "uv": [ 8.0, 0.0, 16.0, 16.0 ], "tintindex": 0 },
                "west": { "texture": "#cross", "uv": [ 0.0, 0.0, 8.0, 16.0 ], "tintindex": 0 }
            }
        },
        {
            "name": "Element",
            "from": [ 8.0, 0.0, 8.0 ], 
            "to": [ 15.2, 16.0, 8.0 ], 
            "shade": false,
            "rotation": { "origin": [ 8.0, 8.0, 8.0 ], "axis": "y", "angle": 45.0, "rescale": true },
            "faces": {
                "north": { "texture": "#cross", "uv": [ 0.0, 0.0, 8.0, 16.0 ], "tintindex": 0 },
                "south": { "texture": "#cross", "uv": [ 8.0, 0.0, 16.0, 16.0 ], "tintindex": 0 }
            }
        },
        {
            "name": "Element",
            "from": [ 8.0, 0.0, 8.0 ], 
            "to": [ 8.0, 16.0, 15.2 ], 
            "shade": false,
            "rotation": { "origin": [ 8.0, 8.0, 8.0 ], "axis": "y", "angle": 45.0, "rescale": true },
            "faces": {
                "east": { "texture": "#cross", "uv": [ 0.0, 0.0, 8.0, 16.0 ], "tintindex": 0 },
                "west": { "texture": "#cross", "uv": [ 8.0, 0.0, 16.0, 16.0 ], "tintindex": 0 }
            }
        }
    ]
}