{
  "parent": "minecraft:item/handheld",
  "textures": {
    "layer0": "minecraft:item/sword"
  },
  "overrides": [{"predicate": {"custom_model_data": 90200}, "model": "custom/swords/aqua"},
    {"predicate": {"custom_model_data": 90201}, "model": "custom/swords/azure"},
    {"predicate": {"custom_model_data": 90202}, "model": "custom/swords/blizzard"},
    {"predicate": {"custom_model_data": 90203}, "model": "custom/swords/deity"},
    {"predicate": {"custom_model_data": 90204}, "model": "custom/swords/dignity"},
    {"predicate": {"custom_model_data": 90205}, "model": "custom/swords/grim"},
    {"predicate": {"custom_model_data": 90206}, "model": "custom/swords/harmony"},
    {"predicate": {"custom_model_data": 90207}, "model": "custom/swords/pristine"},
    {"predicate": {"custom_model_data": 90208}, "model": "custom/swords/terra"}]
}